Accuracy,Precision,Recall,F1-score
0.9908466819221968,0.9908944606574845,0.9908466819221968,0.9908390856337259
