Classe,ROC-AUC
glioma,0.9997659083415761
meningioma,0.99931388807596
notumor,0.9999672962145367
pituitary,0.9993834487306299
